# Copyright Materialize, Inc. All rights reserved.
#
# Use of this software is governed by the Business Source License
# included in the LICENSE file at the root of this repository.
#
# As of the Change Date specified in that file, in accordance with
# the Business Source License, use of this software will be governed
# by the Apache License, Version 2.0.

mode cockroach

query TT
SELECT array_to_string(ARRAY['a', 'b,', NULL, 'c'], ','), array_to_string(ARRAY['a', 'b,', NULL, 'c'], ',', NULL)
----
a,b,,c  a,b,,c

query TT
SELECT array_to_string(ARRAY['a', 'b,', 'c'], NULL), array_to_string(ARRAY['a', 'b,', NULL, 'c'], 'foo', 'zerp')
----
NULL  afoob,foozerpfooc

query TT
SELECT array_to_string(NULL, ','), array_to_string(NULL, 'foo', 'zerp')
----
NULL  NULL

query T
SELECT * FROM (ARRAY[1, 2, 3])
----
1
2
3

# Test array functions
query B
SELECT 1 = ANY(ARRAY[1])
----
true

query B
SELECT 1 = ANY(ARRAY[2])
----
false

query error no overload for i32 = string
SELECT 1 = ANY(ARRAY['hi'::text])

query error can't infer a type for empty VALUES expression
SELECT 'hi'::text = ANY(ARRAY[])

query error VALUES does not have uniform type
SELECT 123.4 = ANY(ARRAY[1, true, 'hi'::text])

query B
SELECT 1 != ANY(ARRAY[1])
----
false

query B
select -1+3 > ANY(ARRAY[-1, 0, 1])
----
true

query B
select 'hello'::text <= ANY(ARRAY['there'::text])
----
true
